date,AAL,AAPL,ADBE,ADI,ADP,ADSK,ALGN,ALXN,AMAT,AMGN,AMZN,ATVI,AVGO,BIDU,BIIB,BKNG,BMRN,CA,CDNS,CELG,CERN,CHKP,CHTR,CMCSA,COST,CSCO,CSX,CTAS,CTSH,CTXS,DISH,DLTR,EA,EBAY,ESRX,EXPE,FAST,FB,FISV,FOX,FOXA,GILD,GOOG,GOOGL,HAS,HOLX,HSIC,IDXX,ILMN,INCY,INTC,INTU,ISRG,JBHT,KHC,KLAC,LBTYA,LRCX,MAR,MCHP,MDLZ,MNST,MSFT,MU,MXIM,MYL,NFLX,NVDA,ORLY,PAYX,PCAR,PYPL,QCOM,REGN,ROST,SBUX,SIRI,SNPS,STX,SWKS,SYMC,TMUS,TSLA,TTWO,TXN,ULTA,VOD,VRSK,VRTX,WBA,WDAY,WDC,WYNN,XLNX,XRAY,Port_Ret
2001-01-31,,,,,,,,,,,,,,,,,,,,,,,,,,,,,,,,,,,,,,,,,,,,,,,,,,,,,,,,,,,,,,,,,,,,,,,,,,,,,,,,,,,,,,,,,,,,,,,,
2001-02-28,,,,,,,,,,,,,,,,,,,,,,,,,,,,,,,,,,,,,,,,,,,,,,,,,,,,,,,,,,,,,,,,,,,,,,,,,,,,,,,,,,,,,,,,,,,,,,,,
2001-03-30,,,,,,,,,,,,,,,,,,,,,,,,,,,,,,,,,,,,,,,,,,,,,,,,,,,,,,,,,,,,,,,,,,,,,,,,,,,,,,,,,,,,,,,,,,,,,,,,
2001-04-30,,,,,,,,,,,,,,,,,,,,,,,,,,,,,,,,,,,,,,,,,,,,,,,,,,,,,,,,,,,,,,,,,,,,,,,,,,,,,,,,,,,,,,,,,,,,,,,,
2001-05-31,,,,,,,,,,,,,,,,,,,,,,,,,,,,,,,,,,,,,,,,,,,,,,,,,,,,,,,,,,,,,,,,,,,,,,,,,,,,,,,,,,,,,,,,,,,,,,,,
2001-06-29,,,,,,,,,,,,,,,,,,,,,,,,,,,,,,,,,,,,,,,,,,,,,,,,,,,,,,,,,,,,,,,,,,,,,,,,,,,,,,,,,,,,,,,,,,,,,,,,
2001-07-31,,,,,,,,,,,,,,,,,,,,,,,,,,,,,,,,,,,,,,,,,,,,,,,,,,,,,,,,,,,,,,,,,,,,,,,,,,,,,,,,,,,,,,,,,,,,,,,,
2001-08-31,,,,,,,,,,,,,,,,,,,,,,,,,,,,,,,,,,,,,,,,,,,,,,,,,,,,,,,,,,,,,,,,,,,,,,,,,,,,,,,,,,,,,,,,,,,,,,,,
2001-09-28,,,,,,,,,,,,,,,,,,,,,,,,,,,,,,,,,,,,,,,,,,,,,,,,,,,,,,,,,,,,,,,,,,,,,,,,,,,,,,,,,,,,,,,,,,,,,,,,
2001-10-31,,,,,,,,,,,,,,,,,,,,,,,,,,,,,,,,,,,,,,,,,,,,,,,,,,,,,,,,,,,,,,,,,,,,,,,,,,,,,,,,,,,,,,,,,,,,,,,,
2001-11-30,,,,,,,,,,,,,,,,,,,,,,,,,,,,,,,,,,,,,,,,,,,,,,,,,,,,,,,,,,,,,,,,,,,,,,,,,,,,,,,,,,,,,,,,,,,,,,,,
2001-12-31,,,,,,,,,,,,,,,,,,,,,,,,,,,,,,,,,,,,,,,,,,,,,,,,,,,,,,,,,,,,,,,,,,,,,,,,,,,,,,,,,,,,,,,,,,,,,,,,
2002-01-31,,,,,,,,,,,,,,,,,,,,,,,,,,,,,,,,,,,,,,,,,,,,,,,,,,,,,,,,,,,,,,,,,,,,,,,,,,,,,,,,,,,,,,,,,,,,,,,,
2002-02-28,,,,,,,,,,,,,,,,,,,,,,,,,,,,,,,,,,,,,,,,,,,,,-0.13272727272726625,,,,,,,,,,,,,,,,,,,,,,,,-0.0012088244182534291,,,,,,-0.006141943267408578,,,,,,,,,,,,,,,,,,,,0.006167846309436564,-3.3477548525872924
2002-03-29,,,,,,,,,,,,,,,,,,,,,,,,,,,,,,,,,,,,,,,,,,0.021572523417522138,,,,0.20892018779342725,,,,,,,,,,,,,,,,,,,,,,,-0.0447806354009076,,,,,,0.049084858569056866,,,,,,,,,,,,,,,,,,,,,5.8699233594774665
2002-04-30,,,,,,,,,,,,,,,,,,,,,,,,,,,,,,,,,,,,,,,,,,-0.13531536537925526,,,,,,,,,,,,,,,,,,,,,,,,,,,0.025974025974025983,,,,,,0.07348665080623484,,,,,,-0.14074253821888905,,,,,,,,,,,,,,,-4.414930670447087
2002-05-31,,,,,,,,,,,,,,,,,,,,,,,,,,,,,,,,,,,,,,,,,,0.14588688946015216,,,,0.01663585951940849,,,,,,,,,,,,,,,,,,,,,,,,,-0.06729811705816913,,,,0.038167938931296996,,,,,,,,,,,,,,,,,,,,,3.334814271317213
2002-06-28,,,,,,,,,,,,,,,,,,,,,,,,,,,,,,,,,,,,,,,,,,,,,,-0.12303030303030305,,,,,,,,,,,,,,-0.08260869565221685,,,,,,,,,,,,,,,-0.03237082480596998,,,,,,,,,,,,,,,,,-0.29347826086954987,,,,-13.287202108950993
2002-07-31,,,,,,,,,,,,,,,,,,,,,,,,,,,,,,,,,,,,,,,,,,,,,,,,,,,,,,,,,,,,,-0.09645909645907602,,,,,,,,,,,,,,-0.07582822085889263,,,,,,0.021004566210040432,,,0.007285089849441206,,,,,,,,,,,,-3.599941531462175
2002-08-30,,,,,,,,,,,,,,,,,,,,,,,,,,,,,,,,,,,,,,,,,,,,,,-0.1594996090695856,,,,,,,,,,,,,,,0.07486486486486688,,,,,,,,,,,,,,-0.039896441848130015,,,,,,-0.14728682170542018,,,,,,,,,,,,,,,-6.795450193956723
2002-09-30,,,,,,,,,,,,,,,,,,,,,,,,,,,,,0.0010451140916354351,,,,,,,,,,,,,,,,,,,,,,,,,,,,,,,,,,,,,,,,,,,,,,-0.013015785101072819,,,,,,0.17587412587412832,,,,,,,,,,,0.1604938271604912,,,,8.109932050629553
2002-10-31,,,,,,,,,,,,,,,,,,,,,,,,,,,,,0.1513833304332688,,,,,,,,,,,,,,,,,,,,,,,,,,,,,,,,,,,,,,,,,,,,,,,,,,,,0.1894142134998511,,,-0.11103448275862082,,,,,,,,0.3170212765957554,,,,13.669608444256362
2002-11-29,,,,,,,,,,,,,,,,,,,,,,,,,,,,,0.07888771346528722,,,,,,,,,,,,,,,,,,,,,,,,,-0.006500541711801033,,,,,,,,,,,,,,,,,,,,,,,,,,,,,,0.16097750193948768,,,,,,,,0.36510500807754953,,,,14.961742044263085
2002-12-31,,,,,,,,,,,,,,,,,,,,,,,,,,,,,0.01176635383108704,,,,,,,,,,,,,,,,,,,,,,,,,,,,,,,,,,,,,,,,,,,,,,-0.08246435830115217,,,,,,,,,-0.215168727029736,,,,,,,,-0.24378698224852202,,,,-13.241342843708079
2003-01-31,,,,,,,,,,,,,,,,,,,,,,,,,,,,,-0.16544372144537967,,,,,,,,,,,,,,,,,,,,,,,,,,,,,,,,,,,,,,,,,,,,,,-0.07973578674215043,,,,,,,,,-0.09791400595998279,,,,,,,,0.24413145539905834,,,,-2.4740514687113633
2003-02-28,,,,,,,,,,,,,,,,,,,,,,,,,,,,,0.16456536164562374,,,,,0.043374135178286366,,,,,,,,,,,,,,0.053148469093009965,,,,0.07755102040818951,,,,,,,,,,,,,,,,,,,,,,,-0.12155218698622883,,,,,,,,,,,,,,,,,,,,,4.341735986777615
2003-03-31,,,,,,,,,,,,,,,,,,,,,,,,,,,,,-0.04116809116809028,,,,,,,,,,,,,,,,,,,-0.040866703236423496,,,,,,,,,,,,,,,,,,0.00816960376532383,,,,,,,,,,,,,,,,,,,,,,,,,,0.11439114391143934,,,,1.0131488318062347
2003-04-30,,,,,,,,,,,0.10218978102189791,,,,,,,,,,,,,,,,,,-0.19952458772839787,,,,,,,,,,,,,,,,,,,0.11524163568773238,,,,,,,,,,,,,,,,,,-0.016695652173913222,,,,,,,,,,,,,,,,,,,,,,,,,,0.02980132450330686,,,,0.620250026212521
2003-05-30,,,,,,,0.34707446808510656,,,,,,,,,,,,,,,,,,,,,,0.15534521158125614,,,,,,,,,,,,,,,,,,,,,,,,,,,,,,,,,,,,,0.021577644145737596,,,,,,,,,,,,,,,,,,,,,,,,,,0.3419078242229536,,,,21.647628700876346
2003-06-30,,,,,,,,,,,0.01198105321816656,,,,,,,,,,,,,,,,,,,-0.06562643414410296,,,,0.023118544023610132,,,,,,,,,,,,,,,,,,,,,,,,,,,,,,,,,,,,,,,,,,,,,,,,,,,,,,,,,,-0.17731629392972204,,,,-5.196078270801207
2003-07-31,,,,,,,0.031746031746031855,,,,0.1464757709251101,,,,,,,,,,,,,,,,,,,-0.10658153241650292,,,,0.03173076923076934,,,,,,,,,,,,,,,,,,,,,,,,,,,,,,,,,,,,,,,,,,,,,,,,,,,,,,,,,,-0.03300970873786635,,,,1.4072266149508406
2003-08-29,,,,,,,-0.14846153846153842,,,,0.11239193083573484,,,,,,,,,,,,,,,,,,,0.13853765805387575,,,,,,,,,,,,,,,,,,,,,,,,,,,,,,,,,,,,,,,,,,,,,,,,,,,,,,,,,,,,,,0.1536144578312959,,,,6.402062706484202
2003-09-30,,,,,,,0.13008130081300817,,,,0.045552677029361055,,,,,,,,,,,,,,,,,,,0.06856591018831448,,,,,,,,,,,,-0.15956808638271835,,,,,,,,,,,,,,,,,,,,,,,,,,,,,,,,,,,,,,,,,,,,,,,,,,,,,,2.1157950411991338
2003-10-31,,,,,,,0.2326139088729018,,,,0.12389015073301679,,,,,,,,,,,,,,,,,,,0.13737008585630406,,,,,,,,,,,,,,,,,,,,,,,,,,,,,,,,,,,,,,,,,0.06304610834794144,,,,,,,,,,,,,,,,,,,,,,,,,13.923006345254102
2003-11-28,,,,,,,0.1633592736705578,,,,-0.008451221752709959,,,,,,,,,,,,,,,,,,,-0.0441001191895114,,,,,,,,,,,,,,,,,,,,,,,,0.035460992907756506,,,,,,,,,,,,,,,,,,,,,,,,,,,,,,,,,,,,,,,,,,3.656723140902324
2003-12-31,,,,,,,-0.07965884385974686,,,,-0.02501389660922737,,,,,,,,,,,,,,,,,,,-0.12053200332502079,,,,,,,,,,,,,,,,,,,,,,,,0.027777777777775237,,,,,,,,,,,,,,,,,,,,,,,,,,,,,,,,,,,,,,,,,,-4.935674150405495
2004-01-30,,,,,,,0.2568140520896425,,,,-0.04218928164196123,,,,,,,,,,,,,,,,,,,,,,,,,,,,,,,,,,,,,,,,,,,,,,,-0.17647058823530182,,,,0.06888361045130642,,,,,,,,,,,,,,,,,,,,,,,,,,,,,,,,,,2.6759448165921462
2004-02-27,,,,,,,-0.0520481927710843,,,,-0.14662698412698416,,,,,,,,,,,,,,,,,,-0.127054478301024,,,,,,,,,,,,,,,,,,,,-0.22399999999999998,,,,,,,,,-0.038721804511286706,,,,,,,,,,0.0,,,,,,,,,,,,,,,,,,,,,,,,,,,,-9.807524328506318
2004-03-31,,,,,,,-0.03355363497712249,,,,,,,,,,,,,,,,,,,,,,,,,,,,,,,,,,,,,,,0.012499999999999956,,,0.10456553755522835,-0.03819444444444442,,,,,,,,,,,,,,,,,,,,,,,,,,,,,,,,,,,,,,,,,,,,,,1.132936453341535
2004-04-30,,,,,,,,,,,,,,,,,,,,,,,,,,,,,,,,,,,,,,,,,,,,,,,,,0.0013333333333334085,,,,,,,,,,,,,-0.0042887776983561166,,,,,,,,,,,,,,,-0.0294117647058868,,,,,,,,,,,,,,,,0.14085714285713502,,,2.712248344655638
2004-05-31,,,,,,,,,,,,0.049767750497677454,,,,,,,,,,,,,,,,,0.0688858067498912,,,,,,,,,,,,,,,,,,,,-0.15579227696404796,,,,,,,,,,,,,0.8916008614501079,,,,,,,,,,,,,,,,,,,,,,,,,,,,,,,,,,21.361553543340715
2004-06-30,,,,,,0.19464584495259407,,,,,,,,,,,,,,,0.04207573632538564,,,,,,,,,,,,,,,,,,,,,,,,,,,,,,,,,,,,,,,,,-0.03870967741935505,,,,,,,,,,,,,,,,,,,,,,,,,,,,,,,-0.0007759958613405837,,,4.9308976999321015
2004-07-30,,,,,,-0.060967063770147156,,,,,,,,,,,,,,,,,,,,,,,,,,,,,,,,,,,,,,,,,,,,,,,,,,,,,,,,-0.19068298460323718,,,,,,,,,,,,,,,,,,,0.06806761078118373,,,,,,,,,,,,-0.07377685736477457,,,-6.43398237392438
2004-08-31,,,,,,0.10472636815920389,,,,,,-0.01774744027303743,,,,,,,,,,,,,,,,,,,,,,,,,,,,,,,,,,,,,,,,,,,,,,,,,,0.1580487804878048,,,,,,,,,,,,,,,,,,,,,,,,,,,,,,,0.0788149804360041,,,8.096067220249385
2004-09-30,,,,,,0.09571698881322765,,,,,,-0.036136205698402035,,,,,,,,,,,,,,,,,,,,,,,,,,,,,,,,,,,,,,,,,,,,,,,,,,,,,,,,,,,,,,,,0.05134135060131584,,,,,0.14428690575482106,,,,,,,,,,,,0.3391191709844865,,,11.88656420910898
2004-10-29,,0.3522580645161546,,,,0.08472136541229669,,,,,,0.04397981254506167,,,,,,,,,,,,,,,,,,,,,,,,,,,,,,,,,,,,,,,,,,,,,,,,,,,,,,,,,,,,,,,,,,,,,,,,,,,,,,,,,0.12497581737278485,,,15.148376496157445
2004-11-30,,0.2795801526717463,,,,0.2400000000000002,,,,,,,,,,,,,,,,,,,,,,,,,,,,,,,,,,,,,,,,,,,,-0.012500000000000067,,,,,,,,,,,,,,,,,,,,,,,,,,,,,,,,,,,,,,,,,,,-0.0010318142734402347,,,12.651208459957655
2004-12-31,,-0.039522744220733985,,,,0.16082939230397542,,,,,,,,,,,,,,,,,,,,,,,,,,,,0.03597506678539619,,,,,,,,,,,,,,,,,,,,,,,,,,,,0.07721893491124243,,,,,,,,,,,,,,,,,,,,,,,,,,,,,,,0.15200550869343155,,,7.730123169466233
2005-01-31,,0.19409937888199402,,,,-0.22608695652173905,,,,,,,,,,,,,,,,,,,,,,,,,,,,-0.29946707925047267,,,,,,,,,,,,,,,,,,,,,,,,,,,,0.12331776984344978,,,,,,,,,,,,,,,,,,,-0.09355590062113994,,,,,,,,,,,,,,,-6.033855753358157
2005-02-28,,0.16671001300388744,,,,0.011916922029281407,,,,,,,,,,,,,,,,,,,,,,,,,,,,,,,,,,,,,,,,,,,,,,,,,,,,,,,,0.07017114914425426,,,,,,,,,,,,,,,-0.1586102719033241,,,,,,,,,,,,,,,,,,,2.254695306852475
2005-03-31,,-0.07111012037448639,,,,0.001865444948424777,,,,,,,,,,,,,,,,,,,,,,,,,,,,,,,,,,,,,,,,,,,,,,,-0.035630965005301496,-0.07247298156390658,,,,,,,,,,,,,,,,,,,,,,,,,,,,,,,,,,,,,,,,,,-4.433715549881742
2005-04-29,,-0.13462922966164115,,,,0.06955645161290303,,,,,,,,,,,,,,,,,,,,,,,,,,,,,,,,,,,,,,,,,,,,,,,-0.05564108203215168,-0.10414542364756552,,,,,,,,,,,,,,,,,,,,,,,,,,,,,,,,,,,,,,,,,,-5.621482093211383
2005-05-31,,0.10258735440931854,0.11383891037497884,,,0.2434809927741124,,,,,,,,,,,,,,,,,,,,,,,,,,,,,,,,,,,,,,,,,,,,,,,0.15277130880300782,,,,,,,,,,,,,,,,,,,,,,,,,,,,,,,,,,,,,,,,,,,15.31696415903544
2005-06-30,,-0.07417887135838352,,,,-0.13239009600808482,,,,,,,,,,,,,,,,,,,,,,,,,,,,,,,,,,,,,,,,0.07986960065199677,,,,,,,-0.05777777777775761,,,,,,,,,,,,,,,,,,,,,,,,,,,,,,,,,,,,,,,,,,,-4.6119286123057295
2005-07-29,,0.15865254007062202,,,,-0.004368083867210437,,,,,,,,,,,,,,,,,,,,,,,,,,,,,,,,,,,,,,,,,,,-0.07207953603976813,,,,,,,,,,,,,,,,,,,,,,,,,,,,,,,,,,,,,,,,,,,0.1169895678093058,,,,4.9798621993237315
2005-08-31,,0.09941383352873001,,,,,,,,,,,,,,,,,,,,,,,,,,,,,,,,,,,,,,,,,,,,0.05790743584119307,,,,,,,,,,,,,,,,,,,,,,,,,,,,,,,0.00879765395893961,,,,,,,,,,,,,,,-0.07605070046700335,,,,2.2517055715464833
2005-09-30,,0.1433141394753612,,,,,,,,,,,,,,,,,,,,,,,,,,,,,,,,,,,,,,,,,,0.10650349650349633,,0.1973875181422351,,,,,,,,,,,,,,,,,,,,,,,,,,,,,,,,,,,,,,,,,,,,,,-0.0664259927798202,,,,9.51947903353181
2005-10-31,,0.07423988061928566,,,,,,,,,,,,,,,,,,,,,,,,,,,,,,,,,,,,,,,,,,0.175946407128863,,-0.03965367965367961,,,,,,,,,,,,,,,,,,,,,,-0.021295215869330142,,,,,,,,,,,,,,,,,,,,,,,,,,,,4.730934805628473
2005-11-30,,0.1776350060774461,,,,,,,,,,,,,,,,,,,,,,,,,,,,,,,,,,,,,,,,,,,,0.28218535881716544,,,,,,,,,,,,,,,,0.5370150435471099,,,,,,0.07749627421753957,,,,,,,,,,,,,,,,,,,,,,,,,,,,26.858292066481525
2005-12-30,,,,,,,,,,,,,,,,,,,,,,,,,,,,,,,,,,,-0.007814349988159996,,,,,,,,,,,0.06651666432288006,,,-0.10476190476190483,,,,,,,,,,,,,0.014938828074694044,,,,,,,,,,,,,,,,,,,,,,,,,,,,,,,,,,-0.7780190588122682
2006-01-31,,0.050354708582555086,,,,,,,,,,,,,,,,,,,,,,,,,,,,,,,,,0.08937947494033427,,,,,,,,,,,0.35706751054852326,,,,,,,,,,,,,,,,0.1140718182971705,,,,,,,,,,,,,,,,,,,,,,,,,,,,,,,,,,15.271837809214578
2006-02-28,,,,,,,,,,,,,,,,,,,,,,,,,,,,,,,,,,,-0.04403549129148876,,,,,,,,,,,-0.07054022541780025,,,,,,,,,,,,,,,,0.06309794988610462,,,,,,,,,,,,,,,,,,,,,,,,,,,0.21052631578947367,,,,,,,3.976213724157232
2006-03-31,,,,,,,,,,,,,,,,,,,,,,,,,,,,,,,,,,,,,,,,,,,,,,0.15722349989546314,,,-0.06606370428627606,,,,,,,,,,,,,0.3504392543389758,,,,,,,,,,,,,,,,,,,,,,,,,,,-0.15379278445883438,,,,,,,7.195156637233213
2006-04-28,,,,,,,,,,,,,,,,,-0.08345752608047685,,,,,,,,,,,,,,,,,,,,,,,,,,,,,,,,0.3317894736842104,,,,,,,,,,,,,0.027052756842523173,,,,,,,,,,,,,,,,,,,,,,,,,,,-0.006012571740912964,,,,,,,6.734303317633595
2006-05-31,,,,,,,,,,,,,,,,,,,,,,,,,,,,,,,,,,,,,,,,,,,,,,,,,-0.13594688586784698,,,,,,,,,,,,,0.4280086513208712,,,,,,-0.21355236139629497,,,,,,,,,,,,,,,,,,,,,-0.05141600219961495,,,,,,,0.6773350464278571
2006-06-30,,,,,,,,,,,,,,,,,,,,,,,,,,,,,,,,,,,,,,,,,,,,,,,,,0.08525429930479334,,,,,,,,,,,,,0.029750635581760054,,,,,-0.017334777898158293,-0.07354221061793198,,,,,,,,,,,,,,,,,,,,,,,,,,,,0.6031986592615779
2006-07-31,,,,,,,,,,,,,,,,,0.016701461377870652,,,0.00969850305713682,,,,,,,,,,,,,,,,,,,,,,,,,,,,,0.28894133513149,,,,,,,,,,,,,-0.03367127173399165,,,,,,,,,,,,,,,,,,,,,,,,,,,,,,,,,,7.041750695812646
2006-08-31,,,,,,,,,,,,,,,,,0.13894592744695422,,,-0.1503445395698476,,,,,,,,,,-0.03336480956877541,,,,,,,,,,,,,,,,,,,-0.11901647920481295,,,,,,,,,,,,,-0.401174168297456,,,,,,,,,,,,,,,,,,,,,,,,,,,,,,,,,,-11.299081383878756
2006-09-29,,,,,,,,,,,,,,,,,-0.14483173076923073,,,0.06414352420742198,,,,,,,,,,,,,,,,,,,,,,,,,,,,,-0.019002375296912177,,,,,,,,,,,,,0.17937545388525766,,,,,,0.016489178976287988,,,,,,,,,,,,,,,,,,,,,-0.02322206095791013,,,,,,,1.2158665007485767
2006-10-31,0.1247462215203774,,,,,,,,,,,,,,,,0.12649332396345758,,,,,,,,,,,,0.017159843264429986,,,,,,,,,,,,,,,,,,,,0.3305084745762712,,,,,,,,,,,,,-0.022475369458128003,,,,,,,,,,,,,,,,,,,,,,,,,,,,,,,,,,11.528649877328164
2006-11-30,0.13838748495788233,,,,,,,,,,,,,,,,0.06737367436057373,,,,,,,,,,,,0.08342189160464142,,,,,,,,,,,,,,,,,,,,-0.12556869881710653,,,,,,,,,,,,,-0.11401574803149594,,,,,,,,,,,,,,,,,,,,,,,,,,,,,,,,,,0.9919720814899002
2006-12-29,,,,,,,0.0647865853658538,-0.0654789449329014,,,,,,,,,-0.042080654587960176,,,,,,,,,,,,,,,,,,,,,,,,,,,,,,,,0.022632674297606847,,,,,,,,,,,,,0.19729825808745094,,,,,,0.0005406866720860659,,,,,,,,,,,,,,,,,,,,,,,,,,,,2.9616434150356015
2007-01-31,,,,,,,0.1853972798854686,,,,,,,,,,,,,-0.06692160611854692,,,,,,,,,0.10536547433900156,,,,,,,,,,,,,,,,,,,,0.03917578224370377,,,,,,,,,,,,,,,,,,,,,,,,,,,,,,,,,,,,,,,,,,,,0.19062333510921436,,,9.072805309176827
2007-02-28,,,,,,,-0.008454106280193052,,,,,,,,,,,,,,,,,-0.1301014656144045,,,,,,,,,,,,,,,,,,,,,,,,,-0.17772337821297424,,,,,,,,,,,,,-0.08112365450249437,,,,,,,,,,,,,,,,,,,,,,,,,,,,,,,-0.12278503669231366,,,-10.403752826047597
2007-03-30,,,,,,,-0.03410475030450688,,,,,,,-0.09512652296157476,,,,,,,,,,0.00894245723169429,,,,,,,,,,,,,,,,,,,,,,,,,,,,,,,,,,,,,,0.08228571428571452,,,,,,,,,0.05626708878974207,,,,,,,,,,,,,,,,,,,,,,,,,0.3652797408213848
2007-04-30,,,,,,,,,,,,,,,,,,,,,,,,0.02736030828517011,,,,,,,,,,,,,,,,,,,,,0.11009849000095007,,,,,,,,,,,,0.0898876404494382,,-0.07659313725491068,,,,,,,,,,,,0.14414168937329275,,,,,,,,,,,,,,,,,,,,,,,,,5.897899817078809
2007-05-31,,,,,,,,,,,,,,,,,,,,,,,,,,,,,,,-0.009950248756218971,,,,,,,,,,,,,,0.01708320151851761,,,,,-0.08041504539559019,,,,,,,0.06993591529674004,,,,,,,,,,,,,,0.042183565464863015,,,,,,,,,,,,,,,,,,,,,,,,,0.77674776256623
2007-06-29,,0.00700547070331381,,,,,,,,,,,,,,,,,,,,,,,,,,,,,,,,,,0.21889305035371942,,,,,,,,,-0.02301710730948081,,,,,-0.15373765867418898,,,,,,,0.06874999999999987,,,,,,,,,,,,,,-0.002635499026020671,,,,,,,,,,,,,,,,,,,,,,,,,1.9209709341223773
2007-07-31,,0.07964601769908852,,,,,,,,,,-0.0835565077664705,,0.20240504822002636,,,,,,,,,,,,,,,,,,,,,,,,,,,,,,,-0.10293330339008899,,,,,,,,,,,,0.02168615984405453,,,,,,,,,,,,,,,,,,,,,,,,,,,,,,,,,,,,,,,2.3449482921321985
2007-08-31,,0.051001821493641186,,,,,,,,,,,,0.030795128230517888,,,,,,,,,,,,,,,,,,,,,,0.12175873731681297,,,,,,,,,0.006780870806565975,,,,,,,,,,,,-0.02265680896732636,,,,,,,,,,,,,,,,,,,,,,,,,,,,,,,,,,,,,,,3.753594977604233
2007-09-28,,0.108246678220691,,,,,,,,,,,,0.3912103746397695,,,,,,,,,,,,,0.04219512195122155,,,,,,,,,0.06800670016749688,,,,,,,,,,,,,,,,,,,,,0.0009760858955591978,,,,,,,,,,,,,,,,,,,,,,,,,,,,,,,,,,,,,,,12.212699217494762
2007-10-31,,0.23770117938357638,,,,,,,,,,,,0.3205247712756776,,,,,,,,,,,,,,,,,,,,,,0.024466750313671737,,,,,,,,,,,,,,,,,,,,,,,,,,,,,,,,-0.023730684326692897,,,,,,,,,,,,,,,,,,,,,,,,,0.024562071591748724,,,11.67048176475963
2007-11-30,,-0.04069491971572303,,,,,,,,,,,,-0.0013856571413632945,,,,,,,,,,,,,,,,,,,,,0.07369255150554666,-0.0018371096142038024,,,,,,,,,,,,,,,,,,,,,,,,,,-0.3616176470588236,,,,,,,,,,,,,,,,,,,,,,,,,,,,,,,,,,-6.6368556404913415
2007-12-31,,0.08703764680057957,,,,,,,,,,,,0.020525709498376843,,,,,,,,,,,,,,,,,,,,,0.07749077490774914,-0.03006134969325469,,,,,,,,,,,,,,,,,,,,,,,,,,0.02027182676802597,,,,,,,,,,,,,,,,,,,,,,,,,,,,,,,,,,3.5052921656295366
2008-01-31,,-0.3166397415185851,,,,,,,,,,,,-0.28181118522319126,,,0.04689265536723175,,,,,,,,,,,,,,,,,,-0.07547945205479456,,,,,,,,,,,,,-0.03854681903462398,,,,,,,,,,,,,,,,,,,,,,,,,,,,,,,,,,,,,,,,,,,,,,,,-13.311690849279262
2008-02-29,,-0.0763888888889045,,,,,,,,,,0.05218399690761477,,-0.10223254152527217,,,0.026443604964921708,,,,,,,,,,,,,,,,,,-0.12431471329085786,,,,,,,,,,,,,,,,,,,,,,,,,,,,,,,,,,,,,,,,,,,,,,,,,,,,,,,,,,,,,-4.486170836649961
2008-03-31,,0.14781634938414845,,,,,,,,,,,,-0.04655234154299148,,,-0.07018927444794953,,,,,,,,,,,,,,,,,,0.08832487309644654,,,,,,,,,,,,,,,,,,0.1505036889898239,,,,,,,,,,,,,,,,,,,,,,,,,,,,,,,,,,,,,,,,,,,5.398065909589557
2008-04-30,,,,,,,,,,,,-0.009520322226290845,,0.5256854317072153,,,0.030817076618603334,,,,,,,,,,,,,,,,,,0.08861940298507465,,,,,,,,,,,,,,,,,,,,,,,,,,,,,,,,,,,,,,,,,,,,,,,,,,,,,,,,,0.0721153846153777,,,,14.154339473999602
2008-05-30,,0.08508192009197124,,,,,,,,,,,,-0.05618161925601761,,,0.0469007131102579,,,,,,,,,,,,,,,,,,,,,,,,,,,,,,,,,,,,0.014969231832949514,,,,,,,,,,,,,,,,,,,,,,,,,,,,,,,,,,,,,,,0.29458433942737816,,,,7.707091704130783
2008-06-30,,-0.11290066225164341,,,,,,,,,,,,-0.09302729960006961,,,-0.24076499869007073,,,,,,,,,,,,,,,,,,,,,,,,,,,,,,,,,,,,-0.0823938145032157,,,,,,,,,,,,,,,,,,,,,,,,,,,,,,,,,,,,,,,-0.07993605115907798,,,,-12.180456524081547
2008-07-31,,,,,,,,,,,,0.05606105077781032,,0.10924718813905954,,,,,,,,,,,,,,,,,,,,,,,,,,,,,,,,,,,0.07037079554586145,,,,0.15549368968073485,,,,,,,,,,,,,,,,,,,,,,,,,,,,,,,,,,,,,,,-0.1662322618013209,,,,4.498809246842905
2008-08-29,,,,,,,,,,,,-0.08782657031684249,,-0.09629843007345529,,,,,,,,,,,,,,,,,,,,,,,,,,,,-0.024082993701353472,,,,,,,-0.07625482625482627,,,,,,,,,,,,,,,,,,,,,,,,,,,,,,,,,,,,,,,,,,,-0.053143452587701145,,,,-6.752125458683573
2008-09-30,,,,,,,,,,,,-0.05971968312004905,,,,,,,,,,,,,,,-0.15630797773655436,,,,,,,,,,,,,,,-0.13382687927107928,,,,,,,-0.05886450714036917,,,,,,,,,,,,,,,,,,0.0012970168612191912,,,,,,,,,,,,,,,,,,,,,,,,,,,,,-8.148440608136653
2008-10-31,,,,,,,,,,,,-0.19248217757615016,,,,,,,,,,,,,,,-0.16217702034084258,,,,,,,,,,,,,,,,,,,,,,-0.23932889217863318,,,,,,,,,,,,,,,,,,-0.19818652849740925,,,,,,,,-0.11192610703612393,,,,,,,,,,,,,,,,,,,,,-18.082014512583182
2008-11-28,,,,,,,,,,,,-0.06099518459069031,,,,,,,,,,,,,,,-0.18069700476559925,,,,,,,,-0.05114667546609475,,-0.043467461500242166,,,,,,,,-0.07872121003782184,,,,-0.2860849821602335,,,,,,,,,,,,,,,,,,-0.07189014539579963,,,,,,,,,,,,,,,,,,,,,,,,,,,,,-11.042895198806878
2008-12-31,,,,,,,,,,,,-0.2615384615384613,,,,,,,,,,,,,,,-0.12808807733616023,,,,,-0.014187751241428348,,,,,,,,,,,,,0.08843283582087302,,,,,,,,,,,,,,,,,,,,,,0.3006962576153174,,,,,,,,,,,,,,,,,,,,,,,,,,,,,-0.29370393359718916
2009-01-30,,,,,,,,,,,,,,,,,,,,-0.04214905933429813,,,,,,,,,,,,0.02446629887263141,,,,,,,,,,-0.0072350410637306295,,,-0.16592389441205868,,,,,,,,,-0.15226494099736188,,,,,,,,,,,,,,,,,,,,,,,,,,,,,,,,,,,,,,,,,,-6.862132738696358
2009-02-27,,,,,,,,,,-0.10793072014583693,,,,,,,,,,,,,,,,,,,,,,-0.09107937251229214,,,,,,,,,,-0.11758912743745775,,,-0.05138831330295168,,,,,,,,,,,,,,,,,,,,,,0.0027670171555060907,,,,,,,,,,,,,,,,,,,,,,,,,,,,,-7.3044103248606485
2009-03-31,,,,,,,,,,0.01205804210095951,,,,,,,,,,,,0.010923987255348377,,,,,,,,,,0.1476043276661514,,,,,,,,,,,,,,,,,,,,,,,,,,,,,,,,,,,0.1843267108167772,,,,,,,,,,,,,,,,,,,,,,-0.046781685467816914,,,,,,,6.162627647428391
2009-04-30,,,,,,,,,,-0.021203554119555545,,,,,,,,,,,0.22356151921764833,,,,,,,,,,,-0.04960718294051614,,,,,,,,,,,,,,,,,,,,,,,,,,,,,,,,,,-0.011931394481730084,0.05568499534016769,,,,,,,,0.05741360089185865,,,,,,,,,,,,,,,,,,,,,4.231966398464548
2009-05-29,,,,,,,,,,0.030328037961613763,,,,,,,,,,,,,,,,,,,,,,0.05739253660840826,,,,,,,,,,,,,,,,,,,,,,,,,,,,,,,,,,-0.0030188679245282124,-0.12999337894504515,,-0.07207207207207222,,,,,,,,,,,,,,,,,,,,,,,,,,,-2.347274887432471
2009-06-30,,,,,,,,,,0.06007208650382512,,,,,,,,,,,0.06862240521530283,,,,,,,,,,,-0.05963815054724164,,,,,,,,,,,,,,,,,,,,,,,,,,,,,,,,,,,0.048706240487062624,,0.056310679611650594,,,,,,,,,,,,,,,,,,,,,,,,,,,3.481465225411991
2009-07-31,,,,,,,0.029245283018867863,,,,,,,,,,,,,,0.044790496066784424,,,,,,,,,0.11633740984634655,,,,,,,,,,,,,,,,,,,,,,,,,,,,,,,,,,,,0.010727969348658828,0.06289308176100628,,,,,,,,,,,,,,,,,,,,,,,,,,,,,5.279884800833279
2009-08-31,,,,,,,0.22823098075160408,,,,,,,,,,,,,,-0.05178242163491087,,,,,,,,,0.0016853932584270925,,,,,,,,,,,,,,,,,,,,,,,,,,,,,,,,,,,,,-0.007055075102412434,,,,,,,,,,,,,,,,,,,0.01676963812886134,,,,,,,,,,3.7569703080313843
2009-09-30,,,,,,,,,,,,,,,,,,,,,0.21212121212121215,,,,,,,,,0.10011217049915877,,,,,,0.03904555314534641,,,,,,,,,,,,,,,,,,,,,,,,,,,,0.11261872455902289,,,0.05821682328672928,,,,,,,,,,,,,,,,,,,,,,,,,,,,,10.442289672229391
2009-10-30,,0.016994874561629292,,,,,,,,,,,,,,,,,,,,,,,,,,,-0.0002586652871219286,,,,,,,,,,,,,,,,,,,,,,,,,,,,,,,,,,,-0.17195121951219505,,,0.15767814598223984,,,,,,,,,,,,,,,,,,,,,,,,,-0.07801806734192385,,,,-1.511098631947434
2009-11-30,,,,,,,,,,,,,,0.14770321761219285,,,,,,,-0.009863229879011004,,,,,,,,0.13661060802071368,,,,,,,0.1239523599470509,,,,,,,,,,,,,,,,,,,,,,,,,,,,,,,,,,,,,,,,,,,0.08458781361998113,,,,,,,,,,,,,0.09382422802851798,,,,9.613583289157425
2009-12-31,,,,,,,,,,,,,,-0.05189745008530422,,,,,,,,,,,,,,,,,,,,,,0.009811616954491953,,,,,,,,,,,,,,,,,,,,,,,,,,,,,,,-0.06037864574449947,,,,,,,,,,,,0.20224719101128952,,,,,,,,,,,,,0.19842562432140176,,,,5.964166729147591
2010-01-29,,-0.08859119640110746,,,,,,,,,,,,,,,,,,,,,,,,,,,-0.03684094418706507,,,,,,,-0.16789739603576703,,,,,,,,,,,,,,,,,,,,,,,,,,,,,,,,,,,,,,,,,,,-0.08136338647607022,,,,,,,,,,,,,-0.13952434881088527,,,,-10.284345438217901
2010-02-26,,,,,,,,,,,,,,,,,,,,,,,,,,,,,,,,,,,,0.038766931340498356,,,,,,,,,,,,,,-0.0018726591760299671,,,0.05816009266597755,,,,,,,,,,,,,,,,,,,,,,,,,,0.19150209455411726,,,,,,,,,,,,,0.01684653856277496,,,,6.068059958946763
2010-03-31,,,,,,,,,,,,,,0.1509986889797177,,,,,,,,,,,,,,,,,,,,,,,,,,,,,,,,,,,,0.3067542213883676,,,0.0028518753240767136,,,,,,,,,,,,,,,,,,,,,,,,,,-0.08287292817677694,,,,,,,,,,,,,0.009319181982921476,,,,7.741020789966131
2010-04-30,,,,,,,,,,,,,,0.15403685092127306,,,,,,,,,,,,,,,,,,,,,,-0.05370741482963781,,,,,,,,,,,,,,-0.035175879396984966,,,0.03570505271025293,,,,,,,,,,,,,,,,,,,,,,,,,,0.0050657174150900985,,,,,,,,,,,,,,,,,2.118486536399866
2010-05-31,,,,,,,,,,,,,,0.06261611704598224,,,,,,,,,,,,,,,-0.02093523772255712,,,,,,,,,,,,,,,,,,,,,-0.04092261904761896,,,-0.10480918571114084,,,,,,,,,,,,,,,,,,,,,,,,,,-0.16305680425007063,,,,,,,,,,,,,,,,,-5.342154593708106
2010-06-30,,,,,,,,,,,,,,,,,,,,,,,,,,,,,,,,,,,,,,,,,,,,,,,,,,-0.14119472459270754,,,-0.022151996777860394,,,,,,,,,,,,,,-0.022492127755285307,,,,,,,,,,-0.07815533980580414,,-0.15104166666668117,,,,,,,,,,,,,,,,,-8.30071711196677
2010-07-30,,,,,,,,,,,,,,0.19579905992949476,,,,,,,,,,,,,,,0.08989212944467506,,,,,,,,,,,,,,,,,,,,,0.17615176151761514,,,0.04039667955135795,,,,,,,,,,,,,,-0.05614358030372768,,,,,,,,,,,,,,,,,,,,,,,,,,,,,8.921921002788306
2010-08-31,-0.1668202764977199,,,,,,,,,,,,,-0.03660483970028239,,,,,,,,,,,,,,,0.05581011730204377,,,,,,,,,,,,,,,,-0.042467378410457446,,,,,,,,,,,,,,,,,,,,,,0.22398829839102885,,,,,,,,,,,,,,,,,,,,,,,,,,,,,0.6781184216922576
2010-09-30,,0.16721513780337083,,,,,,,,,,,,0.308427897488206,,,,,,,,,,,,,,,0.11917368284005114,0.17777010700724905,,,,,,,,,,,,,,,,,,,,,,,,,,,,,,,,,,,,,0.2919056724028042,,,,,,,,,,,,,,,,,,,,,,,,,,,,,21.289849950833624
2010-10-29,,,,,,,,,,,,,,0.07201325277723636,,,,,,,,,,,,,,,,-0.060228604923798224,,,,,,,,,,,,,,,0.04476919816870306,,,,,,,0.09518374800275331,,,,,,,,,,,,,,,0.070362604834731,,,,,,,,,,,,,,,,,,,,,,,,,,,,,4.44200397719251
2010-11-30,,,,,,,,,,,,,,-0.045086810289973744,,,,,,,,,,,,,,,,0.03586464992983007,,,,,,,,,,,,,,,,,,,,,,,,,,,,,,,,,,,,,0.1862649075301035,,,,,,,0.1037916507085408,,,,,,0.11038394415356834,,,,,,,,,,,,,,,,7.824366840641379
2010-12-31,,,,,,,,,,,,,,-0.08110423607805806,,,,,,,,,,,,,,,,,,,,,,,,,,,,,,,,,,,0.05355954757152381,,,,,,,,0.00340328984685212,,,,,,,,,,-0.1466731423020885,,,,,,,,,,,,,0.12495088408646748,,,,,,,,,,,,,,,,-0.9172731375060629
2011-01-31,,,,,,,,,,,,,,0.12534963223868223,,,,,,,,,,,,,,,,,,-0.09807417974322397,,,,,,,,,,,,,,,,,,,,,,,,,,,,,,,,,,,0.2184405236198066,,,,,,,,,,-0.0092632353843487,,,0.1096751659098727,,,,,,,,,,,,,,,,6.9225581328157775
2011-02-28,,,,,,,,0.148651873061322,,,,,,0.11534566878394559,,,,,,,,,,,,,,,,,,,,,,,,,,,,,,,,,,,,,,,,,,,,,,,,,,,,,-0.03461322869955186,,,,,,,,,,,,,0.1312559017941406,,0.11368909512761038,,,,,,,,,,,,,,9.486586201349335
2011-03-31,,-0.013313609467461074,,,,,,0.02492729538845051,,,,,,0.13742159128425224,,,,,,,,,,,,,,,,,,,,,,,,,,,,,,,,,,,,,,,,,,,,,,,,,,,,,,,,,,,,,,,,,,-0.09849749582637812,,0.12777777777777755,,,,,,,,,,,,,,3.566311183132822
2011-04-29,,,,,,,,-0.01834211593027968,,,,,,0.07771569552282132,,,,,,,,,,,,,,,,,,,,,,,,,,,,,,,,,,,0.012987012987013102,,,,,,,,,,,,,,,,,,,,,,,,,,,,0.20303030303032532,,,-0.02901234567901334,,0.03633004926108363,,,,,,,,,,,,,,4.711809986532506
2011-05-31,,,,,,,,-0.020955920305564146,,,,,,-0.08625100996498791,,,,,,,,,,,,,,,,,,,,,,,,,,,,,,,,,,,0.015497323189630707,,,,,,,,,,,,,,,,,,,,,,,,,,,,,,,-0.19040050858233248,,0.06357694592988716,,,,,,,,,,,,,,-4.370663394667333
2011-06-30,,,,,,,,-0.008224377899620383,,,,,,0.032569449561564934,0.1286815158872585,,,,,,,,,,,,,,,-0.08696644601689096,,,,,,,,,,,,,,,,,,,,,,,,,,,,,,,,,,,,,,,,,,,,,,,-0.0680851063829715,,,,,,,,,,,,,,,,,,,-0.040499297013187885
2011-07-29,,,,,,,,,,,,,,0.12088774709198602,-0.04723157500935271,,,,,,,,,,,,,,,-0.09950000000000014,,,,,,,,,,,,,,,,,,,,,,,,,,,,,,,,,,,,,,,,,,,,-0.06436254628813254,,,-0.036529680365292916,,,,,,,,,,,,,,,,,,,-2.534721091415846
2011-08-31,,,,,,,,,,,,,-0.015462384775517424,,-0.07529203887307356,,,,,,,,,,,,,,,,,,,,,,,,,,,,,,,,,,,,,,,,,,,,,,,0.11354737666405645,,,,,,,,,,,,0.11251413494157547,,,-0.14691943127964646,,,,,,,,,,,,,,,,,,,-0.23224686645211046
2011-09-30,,,,,,,,0.10553110708430413,,,,,,,-0.011146496815286566,,,,,,0.03881140084899948,,,,,,,,,,,,,,,,,,,,,,,,,,,,,,,,,,,,,,,,,,,,,,,,,,,,,,,,-0.161111111111076,,,,,,,,,0.05331753554502372,,,,,,,,,,0.508048711039295
2011-10-31,,,,,,,,0.05385576022478933,,,,,,,0.24916800858829835,,,,,,-0.07428488032691183,,-0.019214346712211894,,,,,,,,,,,,,,,,,,,,,,,,,,,,,,,,,,,,,,,,,,,,,,,,,,,,,,,,,,,,,,,0.08131126466334582,,,,,,,,,,5.8167161287461955
2011-11-30,,,,,,,,0.01703451340542128,,,,,,,-0.012117566173942884,,,,,,-0.038625256187923784,,0.15084893339138006,,,,,,,,,,,,,,,,,,,,,,,,,,,,,,,,,,,,,,,0.03490851947468854,,,,,,,,,,,,,,,,,,,,,,,,0.034774855104770186,,,,,,,,,,3.113733316906557
2011-12-30,,,,,,,,0.041363239149432074,,,,,,,-0.042627229230100094,,,,,,,,,,,,,,,,,,-0.1116860715825787,,,,0.047058823529390725,,,,,,,,,,,,,,,,,,,,,,,,,-0.000650759219089081,,,,,,,,,,,,,,,,,,,,,,,,-0.06764325721671693,,,,,,,,,,-2.2364209094943672
2012-01-31,,,,,,,,0.07356643356643366,,,,,,,0.07178555202180825,,,,,,,,,,,,,,,,,,,,,,0.07429906640868555,,,,,,,,,,,,,,,,-0.0066953197555559285,,,,,,,,,,,,,,,,,,,,,,0.06921944035345029,,,,,,,,,,,0.17298213185459033,,,,,,,,,,7.585955074156869
2012-02-29,,,,,,,,0.0908025013027618,,,,,,,-0.012547689699025089,,,,,,,,,,,,,,,,,,,,,,0.12853470437016923,,,,,,,,,,,,,,,,,,,,,,,,,,,,,,,,,,,,,,,0.01692300724854645,,,,,,,,,,0.09310571240971766,,,,,,,,,,6.336364712643401
2012-03-30,,,,,,,,,,,,,,,0.0818236455739676,,,,,,,,,,,,,,,,,,,,,,0.026955201214875046,,,,,,,,,,,,,,,,,,,,,,,,,0.08586918502973062,,,,,,,,,,,,,,0.1509472817133366,,,,,,,,,,0.12852783014922076,,,,,,,,,,9.482462873622612
2012-04-30,,-0.02596947710782871,,,,,,-0.027353004522937874,,,,,,,,,,,,,,,,,,,,,,,,,,,,,-0.13142329020330856,,,,,,,,,,,,,,,,,,,,,,,,,0.046867450475116756,,,,,,,,,,,,,,,,,,,,,,,,-0.050705135106039356,,,,,,,,,,-3.7716691292999553
2012-05-31,,,,,,,,0.0027679362267494234,,,,,,,,,,,,,,,,,,,,,,,,,,,,,-0.05531824006834929,,,,,,,,,,,,,,,,,,,,,,,,,0.11692307692307691,,,,,,,,,,,,,0.028130081300802523,,,,,,,,,,,0.013495123610796078,,,,,,,,,,2.119959559861513
2012-06-29,,,,,,,,0.09638953295793318,,,,,,,,,,,,,,,,,,,,,,,,0.04283775925566968,,,,,,,,,,,,,,,,,,,,,,,,,,,,,,,,,,,,,-0.12548282701743407,,,,,,,,,,0.05548442168159995,,,,,,,0.04486964305695418,,,,,,,,,,2.2819705986944583
2012-07-31,,,,,,,,0.0558912386706949,,,,,,,,,,,,,,,,,,,,,,,,-0.06431226765799247,,,,,,,,,,,,,,,,,,,,,,,,,,,,,,,,,,,,,0.023516772114122064,,,,,,0.06355050424200903,,,,0.21391023048930258,,,,,,,,,,,,,,,,,5.851129557162722
2012-08-31,-0.06980802792321061,,,,,,,0.02250834525512646,,,,,,,,,,,,,,,,,,,,,,,,-0.04310687326181961,,,,,,,,,,,,,,,,,,,,,,,,,,,,,,-0.11261668172237294,,,,,,,,,,,,,0.0434741051842662,,,,0.07627195288964139,,,,,,,,,,,,,,,,,-1.3879529929728185
2012-09-28,-0.01876172607879001,0.002803499488906791,,,,,,,,,,,,,,,,,,,,,,,,,,,,,,,,,,,,,,,,,,,,,,,,,,,,,,,,,,,,-0.08279606379368842,,,,,,,,,,,,0.031138129010469306,-0.06648359589533959,,,,-0.032802249297109065,,,,,,,,,,,,,,,,,-2.7817001094258496
2012-10-31,0.16443594646271387,-0.10760674856281982,,,,,,,,,,,,,,,,,,,,,,,,,,,,,,,,,,,,,,,,,,,,,,,,,,,,,,,,,,,,,,,,,,,,,,,,-0.06786322546836099,,,0.08108108108109802,,-0.11724806201550875,,,,,,,,,,,,,,,,,-0.9440201700575533
2012-11-30,0.05829228243021922,,,,,,,,,,,,,,,,,,,,,,-0.08474357318175951,,,,,,,,,,,,,,,,,,,0.11648678823965097,,,,,,,0.13073684210526326,,,,,,,,,,,,,,,,,,,,,,,,,0.2406886858749122,,,,,,,,,,,,,,,,,,,,,,9.229220509365724
2012-12-31,0.04732350659426787,,,,,,,,,,,,,,,,,,,,,,,0.008902989341558643,,,,,,,,,,,,,,,,,,-0.020666666666645184,,,,,,,0.035002792776019476,,,,,,,,,,,,,,,,,,,,,,,,,-0.031039365618804937,,,,,,,,,,,,,,,,,,,,,,0.7904651285279174
2013-01-31,0.057777777777771044,,,,,,,,,,,,,,,,,,,,,,,0.019271948608172274,,,,,,,,,,,,,,,,,,,,,,,,,-0.0892246806979673,,,,,,,,,,,,,,,,,,,,,,,,,0.01677675805225931,,,,,,,,,,,,-0.004477915733767657,,,,,,,,,,0.0024777601293535234
2013-02-28,-0.05952380952381975,,,,,,,,,,,,,,,,,,,,,,,0.04490546218484792,,,,,,,,,,,,,,,,,,0.08288973384030474,,,,,,,,,,,,,,,,,,,,,,,,,,,,,,,,-0.03989881568356901,,,-0.009554140127372102,,-0.05356091818713604,,,,,,,,,,,,,,,,,-0.5790414582790708
2013-03-29,0.26358897989575114,,,,,,,,,,,,,,,,,,,,,,,,,,,,,,,,,,,-0.058899859563680046,,,,,,0.14559925093633175,,,,,,,,,,,,,,,,,,,,,,,,,,,,,,,,0.05630538922155681,,,-0.009646302250819971,,,,,,,,,,,,,,,,,,,7.938949164782794
2013-04-30,-0.004124926340592139,,,,,,,,,,,,,,,,,,,,,,,,,,,,,,,,,,,,,,,0.011703511053336335,0.015077023926570288,0.034736411932963396,,,,,,,,,,,,,,,,,,,,,,,,,,,,,,,,0.21959377108099076,,,,,,,,,,,,,,,,,,,,,,5.539715833065372
2013-05-31,0.03964497041419701,,,,,,,,,,,,,,,,,,,0.04726009994071334,,,0.11177288068294633,,,,,,,,,,,,,,,,,,,0.07582938388626381,,,,,,,,,,,,,,,,,,,,,,0.23991507430997872,,,,,,,,,,,,,,,,,,,,,,,,,,,,,,,,10.288448184681984
2013-06-28,,,,,,,,,,,,,,,,,,,,-0.05394257986251516,,,,,,,,,,,,,,,,,,,,,,-0.05892070484581713,,,,,,,,,,,,,,,,,,,,,,,,,,,,,,,,,,,-0.03873744619799724,,,,,0.157722818478768,,,,,,,,,,-0.015387195924234875,,,,-0.18530216703592783
2013-07-31,,,,,,,,,,,,,,,,,,,,0.2554282783381776,,,,,,,,,,,,,,,,,,,,,,0.19758143163643616,,,,,,,,,,,,,,,,,,,,,,,,,,,,,,,,,,,,,,,,-0.028214429665457397,0.25074515648286133,,,,,,,,,0.036881945562892815,,,,14.248447647098212
2013-08-30,,,,,,,,,,,,,,,,,,,,-0.04684733760043591,,,,,,,,,,,,,0.019908116385911168,,,,,,,,,-0.018403908794787593,,,,,,,,,,,,,,,,,,,,,,0.024924471299093698,,,,,,,,,,,,,,,,,,-0.03152218996267098,0.2585641942210306,,,,,,,,,,,,,3.44372242580235
2013-09-30,,,,,,,,,,,,,,,,,,,,0.10113587655379352,,,,,,,,,,,,,-0.040915915915915924,,,,,,,,,0.04313920690227624,,,,,,,,,,,,,,,,,,,,,,0.28732498157700825,,,,,,,,,,,,,,,,,,0.11220556745182009,0.14420118343195276,,,,,,,,,,,,,10.784848333348917
2013-10-31,,,,,,,,,,,,,,,,,,,,-0.036636239189811626,,,,,,,,,,,,,0.02739726027397249,,,,,,,,,0.13209797995864636,,,,,,,,,,,,,,,,,,,,,,0.012078539126452403,,,,,,,,,,,,,,,,,,,-0.17288100532657602,-0.014309301045679734,,,,,,,,,,,,-0.8708794367166021
2013-11-29,,,,,,,,,,,,,,,,,,,,0.08943363189440356,,,,,,,,,,,,,-0.15542857142857136,,,,,,,,,,,,,,,,,0.19487179487179485,,,,,,,,,,,,,,0.19343891402714952,,,,,,,,,,,,,,,,,,-0.06202668589974747,-0.2042015755908465,,,,,,,,,,,,,0.9347917979030432
2013-12-31,,,,,,,,,,,,,,,,,,,,,,,,,,,,,,,,,,,,,,,,,,0.003876487100654691,,,,,,,,,,,,,,,,,,,,,,0.0308056872037914,,,,,,,,,,,,,,,0.14518760195759772,,,,0.1818746071653048,,,,,,,,,0.12213311815094152,,,,9.677550031565803
2014-01-31,,,,,,,,,,,,,,,,,,,,-0.10083566119028442,,,,,,,,,,,,,,,,,,,,,,0.07390146471371928,,,,,,,,,,,,,,,,,,,,,,0.05931034482758624,,,,,,,,,,,,,,,,,,,0.2059509801966375,,,,,,,,,0.027056019070326398,,,,5.3076629523597
2014-02-28,,,,,,,,,,,,,,,,,,,,,,,,,,,,,,,,,,,,,,,,,,0.02653440793552475,,,,,,,0.12822368421052643,-0.01923076923076905,,,,,,,,,,,,,,0.04991319444444464,,,,,,,,,,,,,,,,,,,0.34948459291108547,,,,,,,,,0.009516072879196091,,,,9.074019719166806
2014-03-31,,,,,,,,,,,,,,,,,,,,,,,,,,,,,,,,,,,,,,,,,,-0.14409952892861289,,,,,,,-0.13312729605224805,,,,,,,,,,,,,,,-0.021909880115750346,,,,,,,,,,,,,,,,,,,-0.1485233446346147,,,,,,,,,,-0.0838797476184785,,,-10.63079594699409
2014-04-30,,,,,,,,,,,,,,,,,,,,,,,,,,,,,,,,,,,,,,,,,,,,,,,,,,,,,,,,,,,,,,,,0.1039729501267963,,0.0399344665164858,,,,,,,,,,,,,,,,-0.11323039660914325,-0.002686495562485014,,,,,,,,,,-0.08219671393201455,,,-1.0841237892072142
2014-05-30,,,,,,,,,,,,,0.11291338582677812,,,,,,,,,,,,,,,,,,,,,,,,,,,,,,,,,,,,0.1648877438351124,,,,,,,,,,,,,,,0.09456355283307816,,,,,,,,,,,,,,,,0.057861486640742976,,,,,,,,,,,,,0.06074074065254931,,,9.81933819576522
2014-06-30,,,,,,,,,,,,,0.023947837506048897,,,,,,,,,,,,,,,,,,,,,,,,,0.06303317535545028,,,,,,,,,,,0.12821484992101095,,,,,,,,,,,,,,,0.15250087443161964,,0.03451043338683779,,,,,,,,,,,,,,0.08427614869545175,,,,,,,,,,,,,,,,8.108055321606988
2014-07-31,,,,,,,,,,,,,,,,,,,,,,,,,,,,,,,,,,,,,,0.07965522365879019,,,,,,,,,,,-0.10434636496023297,,,,,,,,,,,,,,,-0.07283763277693478,,,,,,,,,,,,,,,,0.08091993185689494,,,,,,,,,,,,,0.027172865677417724,,,0.21128046911870202
2014-08-29,,,,,,,,,,,,,,,,,,,,,,,,,,,,,,,,,,,,0.08380892449759147,,,,,,,,,,,,,0.1216309173910326,,,,,,,,,,,,,,,0.06710310965630106,,,,,,,,,,,,,,,,0.1185995227523331,,,,,,,,,,,,,-0.08967553580098175,,,6.02933876992553
2014-09-30,,,,,,,,,,,,,0.06367768445530975,,,,,,,,,,,,,,,,,,,,,,,,,,,,,,,,,,,,-0.08608385370205185,,,,,,,,,,0.007204610951015322,,,,,0.050920245398772934,,,,,,,,,,,,,,,,,,,,,,,,,,,,-0.05523735559654874,,,,-0.3903733698700518
2014-10-31,,,,,,,,,,,,,-0.008620689655168823,,,,,,,,,,,,,,,,,,,,,,,,,,,,,0.0521371535932178,,,,,,,0.17484138604197197,,-0.02326249282019066,,,,,,,,0.08369098712446621,,,,,,,,,,,,,,,,,,,,,,,,,,,,,,,,,,,,,5.5757268856859294
2014-11-28,,,,,,,,,,,,,0.08289855072463559,,,,,,,,,,,,,,,,,,,,,,,,,0.03613815175356727,,,,,,,,,,,-0.008775573787517033,,,,,,,,,,0.042835761610994005,,,,,0.08643094590510736,,,,,,,,,,,,,,,,0.16088027468152344,,,,,,,,,,,,,,,,6.673468514805177
2014-12-31,,,,,,,,,,,,,0.080788620311393,,,,,,,,,,,,,,,,,,,,0.07022535852492595,,,,,0.00411840411840414,,,,,,,,,,,,,,,,,,,,,-0.009645894149009071,,,,,,,,,,,,,,,,,,,,,0.07766414702831681,,,,,,,,,,,,,,,,4.463012716680616
2015-01-30,,,,,,,,,,,,,0.022765682473405935,,,,,,,,,,,,,,,,,,,,0.16686163990215896,,,,,,,,,,,,,,,,,,,,,,,,,,-0.04523901063693847,,,,,-0.164095972579263,,,,,,,,,,,,,,,,0.1422087745839622,,,,,,,,,,,,,,,,2.4500222748665124
2015-02-27,,,,,,,,,,,,,0.24047433903576398,,,,,,,,,,,,,,,,,,,,0.0422894640904119,,,,,,,,,,,,,,,,,,0.013544188861978057,,,,,,,0.07875457875457936,0.11814492602456172,,,,,,,,,,,,,,,,,,,,,,,,,,,,,,,,,,,,,9.8641499353459
2015-03-31,,-0.031371633193197246,,,,,,,,,,,-0.0021162805997891887,,,,,,,,,,,,,,,,,,,,0.028593913955928585,,,,,,,,,,,,,0.019919703520691723,,,,,,,,,,,,-0.14635577434829172,,,,,,,,,,,,,,,,,,,,,,0.12011396011396958,,,,,,,,,,,,,,,,-0.18693517584480457
2015-04-30,,0.0057863859198206136,,,,,,,,,,,-0.07954008505271082,,,,-0.10086663456909006,,,,,,,,,,,,,,,,-0.01232678738417059,,,,,,,,,,,,,,,,,,,,,,,,,,,,,,,,,,,,,,,,,,,,,,,-0.06145080883101295,,,,,,,,,,,,,,,,-4.967958598343277
2015-05-29,,,,,,,,,,,,,0.2668548939082649,,,,0.12066041945560024,,,0.059041273366648106,,,,,,,,,,,,,0.08030642107075225,,,,,,,,,,,,,0.06016597510373445,,,,,,,,,,,,,,,,,,,,,,,,,,,,,,,,,,,,,,,,,,,,,,,,,,11.7405796581
2015-06-30,,,,,,,,,,,,,-0.09969642236096166,,,,0.08927291550529581,,,,,,,,,,,,,,,,0.05967651979921906,,,,,,,,,,,,,,,,,-0.05392646391284628,,,,,,,,,,,,,,,,,,,,,,,,-0.004740908381457687,,,,,,,,,,,,,,,,,,,,,,-0.1882871870150149
2015-07-31,,,,,,,,,,,,,-0.05860227187241707,,,,0.06938148852171366,,,,,,,,,,,,,,,,0.0759398496240602,,,,,,,,,,,,,,,,,,,,,,,,,,,,,,,,,,,,,,,,,0.08533119008880075,,,,,,-0.0809798270893124,,,,,,,,,,,,,,,,1.8214085854569029
2015-08-31,,,,,,,,,,,,,0.006632571519917585,,,,-0.11642852259520065,,,,,,,,,,,,,,,,-0.07547169811320742,,,,,,,,,,,,-0.05270510541021256,,,,,0.11421173762945913,,,,,,,,,,,,-0.09827417779225,,,,,,,,,,,,-0.07253549109561819,,,,,,,,,,,,,,,,,,,,,,-4.2081526551016015
2015-09-30,,,,,,,,,,,,,,,,,-0.1850820179510988,,,,,,,,,,,,,,,,0.024187452758881234,,,,,,,,,,,,,0.0082452976037104,,,,-0.05000430329632499,,,,,,,,,,,,,,,,,,,,,,,,,,,,,,-0.03755008586148245,,,,,,,,,,,,,,,,-4.804073134926292
2015-10-30,,,,,,,,,,,,,,,,,,,,,,,,,,,,,,,,,0.06376383763837623,,,,,,,,,,,,,-0.006900076667518573,,,,0.06477622757745971,,,,,,,,,,,,,,,,,,,0.10623473351219315,,,,,,,,,,,-0.08124182229094457,,,,,,,,,,,,,,,,2.932657995391319
2015-11-30,,,,,,,,,,,,0.08342922899884919,,,,,,,,,,,,,,,,,,,,,-0.05938670736783669,,,,,,,,,,,,,0.03834276891405053,,,,,,,,,,,,,,,,,,,,,,,-0.044849055237819346,,,,,,,-0.015659852553005837,,,,,,,,,,,,,,,,,,,,0.03752765508475697
2015-12-31,,,,,,,,,,,,0.027881040892193454,,,,,,,,,,,,,,,,,,,,,0.01371883758666459,,,,,,,,,,,,,-0.0411400247831476,,,,,,,,,,,,,,,,,,,,,,,-0.03960283472922277,,,,,,,-0.022153445186525622,,,,,,,,,,,,,,,,,,,,-1.225928524400759
2016-01-29,,,,,,,,,,,,-0.10049082924308972,,,,,,,,,,,,,,,,,,,,,-0.06075378346915017,,,,,,,,,,,,,-0.12277074179374514,,,,,,,,,,,,,,,,,,,,,,-0.11134708737865029,,,,,,,,0.012327169748463929,,,,,,,,,,,,,,,,,,,,-7.660705442723429
2016-02-29,,,,,,,,,,,-0.058739352640545195,-0.09046524985640447,,,,,,,,,,,,,,,,,,,,,,,,,,,,,,,,-0.057962829185000286,,,,,,,,,,,,,,,,,,,,,,,,0.0745988391942698,,,,,,,,,,,,,,,,,,-0.08820444886018652,,,,,,,,,,-4.415460826957333
2016-03-31,,,,,,,,,,,,0.07716300390087638,,,,,,,,,,,,,,,,,,,,,,,,,,0.0671530115974559,,,,,,,,,,,,,,,,,,,,,,,,,,,,,,0.13616071428573462,,,,,,,,0.025596976464534738,,,,,,,,,,0.1728312851867546,,,,,,,,,,9.578099828707124
2016-04-29,,,,,,,,,,,,0.018617021276595702,,,,,,,,,,,,,,,,,,,,,,,,,,0.03049956178790536,,,,,,-0.07211954384585129,,,,,,,,,,,,,,,,,,,,,,,,-0.002806623631766758,,,,,,,,-0.05812395309883733,,,,,,,,,,,,,,,,,,,,-1.6786707502390863
2016-05-31,,,,,,,,,,,0.09581709850058351,0.1389614157238177,,,,,,,,,,,,,,,,,,,,,,,,,,0.010460962748766844,0.0778755628325829,,,,,0.05787704130643623,,,,,,,,,,,,,,,,,,,,,,,,0.31827886213848977,,,,,,,,,,,,,,,,,,,,,,,,,,,,11.654515720844616
2016-06-30,,,,,,,,,,,-0.009919893745071073,0.009424350483953736,,,,,,,,,,,,,,,,,,-0.0568770607630712,,,,,,,,-0.03812810369497521,,,,,,,,,,,,,,,,,,,,,,,,,,,,,,0.006207191780825738,,,,,,,,,,,,,,,,,,,,,,,,,,,,-1.78587031876676
2016-07-29,,,,,,,,,,,0.060353260110114215,0.013373706787786599,,,,,,,,,,,,,,,,,,,,,,,,,,0.0845292264613231,,,,,,,,,,0.010015076459185979,,,,,,,,,,,,,,,,,,,,0.2146351840034051,,,,,,,,,,,,,,,,,,,,,,,,,,,,7.6581290764363
2016-08-31,,,,,,,0.042063937184520395,,,,,,,,,,,,,,,,,,,,,,,,,,,,,,,,,,,,,,,,,0.20140739950954267,,,,,,,,-0.07814714721277471,,,,,,,,,,,,0.07621944005293457,,,,,,,,,,,,,,,,,-0.003010752688170304,,,,,,,,,,,4.770657536921052
2016-09-30,,,,,,,0.00914962325080726,,0.010388739946391112,,,,,,,,,,,,,,,,,,,,,,,,,,,,,,,,,,,,,,,,,,,,,,,0.006497256713818178,,,,,,,,,,,,0.11705249429410003,,,,,,,,,,,,,,,,,0.009203336209382185,,,,,,,,,,,3.0458290082899753
2016-10-31,,,,,,,-0.08351999999999993,,-0.03548922056387027,,-0.05671734483046886,,,,,,,,,,,,,,,,,,,,,,,,,,,,,,,,,,,,,-0.049587509979597266,,,,,,,,,,,,,,,,,,,,0.03852889667249948,,,,,,,,,,,,,,,,,,,,,,,,,,,,-3.735703574028737
2016-11-30,,,,,,,0.08298417132216018,,,,,,,,,,,,,,,,,,,,,,,,,,,,,,,,,,,,,,,,,0.09809594922531262,,,,,-0.04216759909536005,,,,,,,,,,,,,,,0.29760206560129454,,,,,,,,,,,,,-0.02250249763227663,,,,,,,,,,,,,,,8.280241788422613
2016-12-30,,,,,,,,,0.0021739130435027842,,,,,,,,,,,,,,,,,,,,,,,,,,,,,,,,,,,,,,,-0.0032299192520187647,,,,,,,,,,,,,,,,,,,,0.1577006507591736,,,,,,,,,,,,,-0.020500205002066063,0.06087437742113999,,,,,,,,,,,,,,3.9403763393946316
2017-01-31,,,,,,,-0.0461874544887132,,0.0613572977998067,,,,,,,,,,,,,,,,,,,,,,,,,,,,,,,,,,,,,,,0.043148290270316414,,,,,,,,,,,,,,,,,,,,0.022859284242158884,,,,,,,,,,,,,0.1532021766429652,,,,,,,,,,,,,,,4.68759188933068
2017-02-28,,,,,,0.06097860831079416,,,,,,,,,,,,,,,,,,,,,,,,,,,,,,,,,,,,,,,,,,0.18482792446660667,,,,,,,,,,0.03203900400491522,,,,,,,,,,-0.06935088721727434,,,,,,,,,,,,,0.03975068917152291,,,,,,,,,,,,,,,4.9649067747312925
2017-03-31,,,,,,,,,0.07399226946437931,,,,,,,,,,,,,,,,,,-0.04139209225700913,,,,,,,,,,,,,,,,,,,,,0.06671726231544106,,,,,,,,,,,,,,,,,,,,0.07341348048872898,,,,,,,,,,,,,0.0738536926846245,,,,,,,,,,,,,,,4.931692253923294
2017-04-28,,,,,,,,,0.04395886889459577,,,,,,,,,,,,,,,,,,,,,,,,,,,,,,,,,,,,,,,0.08485867667033165,,,,,,,,,,,,,,,,,,,,-0.04250436059854246,,,,,,,,,,,,,0.03063885267278077,,,,,,,,,,,0.0792439113049721,,,,3.9239189788827566
2017-05-31,,,,,,,,,0.1322866258386235,,,,,,,,,,,,,,,,,,,,,,,,,,,,,,,,,,,,,,,0.003934895367554869,,,,,,,,,,,,,,,,,,,,0.38541318876543884,,,,,,,,,,,0.03417991929741837,,-0.04142947501581207,,,,,,,,,,,,,,,10.28770308506447
2017-06-30,,,,,,,0.033884297520661244,,,,,,,,,,,,,,,,,,,,,,,,,,,,,,,,,,,,,,,,,-0.04139200665122633,,,,,,,,,,-0.0859892233173083,,,,,,,,,,,,,,,,,,,,,-0.09723175946710383,,-0.0656397033338415,,,,,,,,,,,,,,,-5.127367904976374
2017-07-31,,,,,,0.09888910930370964,,,0.07274267731782968,,,,,,,,,,,,,,,,,,,,,,,,,,,,,,,,,,,,,,,0.031222896790980226,,,,,,,,,,0.12748356077211898,,,,,,,,,,,,,,,,,,,,,-0.1494193548386914,,,,,,,,,,,,,,,,,3.618377786918943
2017-08-31,,,,,,0.03312573336943747,0.05686778688034466,,,,,,,,,,,,,,,,,,,,0.021517783232028798,,,,,,,,,,,,,,,,,,,,,-0.06626216508470506,,,,,,,,,,0.040887996989841024,,,,,,,,,,,,,,,,,,,,,,,,,,,,,,,,,,,,,,1.722742707738938
2017-09-29,,,,,,-0.019220688450113488,0.053921013918750704,,,,,,,,,,,,,,,,,,,,0.08087649402390418,,,,,,,,,,,,,,,,,,,,,,,,,,,,,,,0.1177554337407376,,,,,,,,,,0.05506373937677056,,,,,,,,,,,,,,,,,,,,,,,,-0.015540813048086854,,,,4.547586326032712
2017-10-31,,,,,,0.11313023338678052,0.28297632468996614,,,,,,,,,,,,,,,,,,,,-0.0705860670844084,,,,,,,,,,,,,,,,,,,,,,,,,,,,,,,0.12716169476872707,,,,,,0.1266209000762777,,,,,,,,,,,,,,,,,,,,,,,,,,,,,,,,11.58606171674686
2017-11-30,,,,,,,0.091639467737886,,-0.0648591174906964,,,,,,,,,,,,,,,,,,0.10549276224469573,,,,,,,,,,,,,,,,,,,,,,,,,,,,,,,-0.0778635470106187,0.06568795449456499,,,,,-0.043331076506431976,,,,,,,,,,,,,,,,,,,,,,,,,,,,,,,,1.2794407244899941
2017-12-29,,,,,,,-0.14830573443728912,,-0.031267765776009204,,,0.014743589743589691,,,,,,,,,,,,,,,,,,,,,,,,,,,,,,,,,,,,,,,,,,,,,,-0.04029634240817448,,,,,,,,,,,,,,-0.02786214181962232,,,,,,,,,,,,,,,,,,,,,,,,-4.659767893950108
2018-01-31,,,,,,,0.17917097979206997,,,,,,,,,,,,,,,,,,,,,,,,,,,,,,,,,,,,,,,,,,,,,,0.1828519756672331,,,,,0.04047373281903632,,,,,,,,,,,,,,0.158924205378973,,,,,,,,,,,,0.15385316086718892,,,,,,,,,,,,14.305481090490026
2018-02-28,,,,,,,0.0019847328244273488,,,,,,,,,,,,-0.13575568435131513,,,,,,,,,,,,,,,,,,,,,,,,,,,,,,,,,,,,,,,0.001775271512113541,-0.041604452287226756,,,,,,,,,,,,,-0.06926863572433184,,,,,,,,,,,,,,,,,,,,,,,,-4.857375360526657
2018-03-30,,,,,,,-0.054167301538930235,,,,-0.010182154781976371,,,,,,,,,,,,,,,,,,,,,,,,,,,,,,,,,,,,,,,,,,-0.0497830929769022,,,,,,,,,,,,,,,-0.06809917355371897,,,,-0.03903790454602685,,,,,,,,,,,,,,,,,,,,,,,,-4.425392547951092
